Price,Size,Lon,Lat
"$1,675",422ft2,-96.5159408,42.9156667
"$2,655",700ft2,-118.3161262,34.1148012
"$2,499",901ft2,-118.05540636076186,33.90591818324376
"$4,934",1250ft2,-118.242766,34.0536909
"$1,750",2500ft2,-118.329523,34.0980031
"$1,950",844ft2,-118.1435106973105,34.67049049633176
"$1,300",867ft2,-87.7365286,42.1080703
"$3,450",1000ft2,-118.23434410881984,34.149130899860964
"$2,469",774ft2,-73.68100245,40.591266950000005
"$2,300",750ft2,-118.25148718346148,34.23259955
"$2,764",968ft2,-118.588921,34.184485
"$1,620",440ft2,-118.177701,34.113137
"$3,193",1038ft2,-118.2521002,34.047996
"$2,318",647ft2,-118.22407287755102,34.08275155102041
"$2,550",580ft2,-118.431131,34.153143
"$849,000",1440ft2,-118.4486675,34.1866193
"$1,200",700ft2,-118.39492,34.0459334
"$2,880",1042ft2,-118.31163883333333,34.081742291666664
"$2,342",362ft2,-118.38343364574519,34.08691295
"$2,369",470ft2,-118.242766,34.0536909
"$2,331",382ft2,-118.49040103913525,34.018776354676696
"$1,350",198ft2,-118.242766,34.0536909
"$1,050",450ft2,-118.0401497,34.1362075
"$3,186",1066ft2,-118.2517547,33.8322043
"$3,977",1463ft2,-118.3961877,34.1483989
"$3,605",1230ft2,-118.6058382,34.1684364
"$2,143",656ft2,-118.5361872244898,34.241411224489795
"$4,649",1183ft2,-118.4998204,34.2148853
"$2,060",450ft2,-118.3161262,34.1148012
"$2,182",680ft2,-118.3961877,34.1483989
"$2,371",298ft2,-118.242766,34.0536909
"$2,335",352ft2,-118.2623924,34.1186975
"$2,868",700ft2,-118.44685070595054,34.070877749999994
"$1,100",525ft2,-118.191604,33.7690164
"$1,799",630ft2,-118.532237,34.2299673877551
"$2,470",774ft2,-73.68100245,40.591266950000005
"$2,465",687ft2,-82.3247742,23.0888462
"$2,253",772ft2,121.7141386,17.6210145
"$4,220",1090ft2,-118.453755,33.968839
"$2,649",864ft2,-73.68100245,40.591266950000005
"$2,050",460ft2,-118.5369316,34.2345615
"$2,720",1050ft2,-105.4630437935865,44.221618899999996
"$3,080",710ft2,-118.396466,34.0211224
"$1,666",562ft2,-118.1571396,34.6834923
"$1,000",3500ft2,-73.68100245,40.591266950000005
"$1,625",635ft2,-118.29801616129032,34.0154235483871
"$2,095",450ft2,-118.3715162,34.1417987
"$2,159",830ft2,-118.177701,34.113137
"$3,183",984ft2,-118.22407287755102,34.08275155102041
"$2,050",630ft2,-118.59143265306123,34.2282813877551
"$3,800",1647ft2,-118.242766,34.0536909
"$2,395",900ft2,121.7141386,17.6210145
"$2,450",475ft2,-82.3247742,23.0888462
$775,160ft2,-118.1085554,34.0990995
$150,2700ft2,-98.455696,29.667596
$150,2700ft2,-98.455696,29.667596
$150,2700ft2,-98.455696,29.667596
$99,2700ft2,-98.455696,29.667596
$49,2700ft2,-98.455696,29.667596
$99,2700ft2,-98.455696,29.667596
"$1,979",625ft2,-118.111975,34.0159398
"$1,300",725ft2,-118.1634075,34.8641446
"$2,240",721ft2,-118.5361872244898,34.241411224489795
"$1,476",130ft2,-118.242766,34.0536909
"$2,470",774ft2,-73.68100245,40.591266950000005
"$2,655",700ft2,-118.3161262,34.1148012
"$1,950",844ft2,-118.1435106973105,34.67049049633176
"$2,350",850ft2,-87.7179739,41.8539606
"$1,675",400ft2,-118.2478471,34.1469416
"$1,625",400ft2,-118.2478471,34.1469416
"$1,695",600ft2,-118.5978087,34.2011078
"$2,331",883ft2,-118.1434477,34.670445
"$2,195",975ft2,-118.536567,34.1689295
"$1,850",600ft2,-87.7179739,41.8539606
"$2,295",575ft2,-118.3699723,34.0760338
"$1,595",480ft2,-118.329523,34.0980031
"$3,050",1200ft2,-118.3699723,34.0760338
"$2,450",600ft2,-118.4308636,33.9597184
"$2,495",504ft2,-118.2567824,34.0779819
"$1,695",700ft2,-118.5016166,34.1591324
"$2,490",600ft2,-112.0743163,33.5555972
"$2,910",1115ft2,121.7141386,17.6210145
"$1,600",790ft2,-118.5978087,34.2011078
"$2,595",900ft2,-118.5369316,34.2345615
"$2,775",650ft2,-118.44685070595054,34.070877749999994
"$1,780",989ft2,-118.12463073469388,34.673705653061226
"$2,595",655ft2,-118.4158341,34.0133412
"$6,000,000",4437ft2,-118.3465777,34.1216903
$600,20ft2,-118.2521002,34.047996
"$2,878",931ft2,-122.49275,37.794096
"$1,775",895ft2,-118.143318,34.703864
"$4,352",1100ft2,-118.38343364574519,34.08691295
"$2,290",425ft2,-118.2623924,34.1186975
$750,160ft2,-118.242766,34.0536909
"$2,800",810ft2,-118.40106334693878,34.02333328571429
"$1,979",625ft2,-82.3247742,23.0888462
"$2,105",751ft2,-117.905339,33.9761238
"$4,700",2500ft2,-87.7365286,42.1080703
"$1,995",1080ft2,-118.1571396,34.6834923
"$2,668",1179ft2,-118.5361872244898,34.241411224489795
"$3,155",865ft2,-118.453755,33.968839
"$2,600",917ft2,-118.4998204,34.2148853
"$3,080",711ft2,-118.3961877,34.1483989
"$2,470",774ft2,-73.68100245,40.591266950000005
"$3,080",710ft2,-118.38448687918458,33.9804205
$500,121ft2,-118.2567824,34.0779819
"$1,550",476ft2,-118.53737522638481,34.2408520911085
"$1,939",853ft2,-118.1434477,34.670445
"$2,225",780ft2,-118.45440797436446,34.0440277
"$2,115",627ft2,-96.5159408,42.9156667
"$3,198",1038ft2,-118.2521002,34.047996
"$1,299",400ft2,-118.5369316,34.2345615
$750,160ft2,-118.242766,34.0536909
"$2,729",721ft2,-118.242766,34.0536909
"$3,220",800ft2,-118.242766,34.0536909
"$2,905",1000ft2,-118.23296900000001,34.1479718
"$2,424",647ft2,-118.2521002,34.047996
"$2,960",940ft2,-118.249381,34.060835
"$2,850",810ft2,-118.40106334693878,34.02333328571429
"$2,499",901ft2,-118.05540636076186,33.90591818324376
"$1,895",650ft2,-118.242766,34.0536909
"$738,000",1196ft2,-117.953097,34.0280619
"$1,888",616ft2,-118.177701,34.113137
"$2,135",450ft2,-118.3161262,34.1148012
"$2,095",450ft2,-118.3715162,34.1417987
"$1,950",844ft2,-118.1435106973105,34.67049049633176
"$1,700",750ft2,-118.3692894,34.0923014
"$1,700",750ft2,-118.3692894,34.0923014
"$2,616",700ft2,-118.3053805,34.0762638
"$3,131",1097ft2,-118.588921,34.184485
"$1,695",575ft2,-118.3524833,34.0294356
"$3,750",1100ft2,-118.25148718346148,34.23259955
"$4,269",1300ft2,-118.242766,34.0536909
"$2,469",774ft2,-73.68100245,40.591266950000005
"$1,800",500ft2,-118.3406288,33.8358492
"$2,612",414ft2,-118.38343364574519,34.08691295
"$2,720",1158ft2,-118.5361872244898,34.241411224489795
"$3,245",1179ft2,-118.542586,34.3916641
"$3,188",776ft2,-118.3961877,34.1483989
"$2,737",814ft2,-118.2517547,33.8322043
"$3,979",1430ft2,-118.612108,34.1805799
"$2,535",960ft2,-118.3961877,34.1483989
"$3,850",1022ft2,-88.80798382506958,14.6151189
"$2,494",470ft2,-118.242766,34.0536909
"$2,733",700ft2,-118.44685070595054,34.070877749999994
"$3,234",682ft2,-82.3247742,23.0888462
"$2,550",1415ft2,-118.242766,34.0536909
"$42,000",11000ft2,-117.9859038,35.125801
"$2,331",382ft2,-118.49040103913525,34.018776354676696
"$3,360",909ft2,-82.3247742,23.0888462
"$3,220",800ft2,-118.242766,34.0536909
"$2,335",352ft2,-118.2623924,34.1186975
"$2,060",450ft2,-118.3161262,34.1148012
"$1,295",160ft2,-118.329523,34.0980031
"$1,650",436ft2,-118.329523,34.0980031
$598,250ft2,-118.4179909,33.9823764
"$2,335",352ft2,-118.2623924,34.1186975
"$2,705",960ft2,-118.5369316,34.2345615
"$2,649",864ft2,-73.68100245,40.591266950000005
"$5,140",2164ft2,-118.453755,33.968839
$800,300ft2,-117.7517496,34.0553813
$700,170ft2,149.9319056426781,-36.961491499999994
"$2,667",950ft2,-105.4630437935865,44.221618899999996
"$1,725",650ft2,-118.5978087,34.2011078
"$2,583",1159ft2,-118.2517547,33.8322043
"$3,650",800ft2,-118.242766,34.0536909
"$1,350",237ft2,-118.2097684,34.0436892
"$159,900",1344ft2,-117.888855,33.9170444
"$2,650",950ft2,-118.30786793877552,34.078399918367346
"$2,850",810ft2,-118.40106334693878,34.02333328571429
"$1,700",562ft2,-118.1571396,34.6834923
"$159,900",1344ft2,-117.888855,33.9170444
$700,170ft2,150.2346688,-35.7011849
"$159,900",1344ft2,-117.888855,33.9170444
"$2,873",964ft2,-118.2521002,34.047996
"$2,098",792ft2,-118.5361872244898,34.241411224489795
"$2,470",774ft2,-73.68100245,40.591266950000005
$390,1876ft2,-118.4098875,34.0405878
"$2,095",740ft2,-118.59143265306123,34.2282813877551
"$2,729",1080ft2,121.7141386,17.6210145
"$1,950",300ft2,-118.3715162,34.1417987
"$2,420",900ft2,121.7141386,17.6210145
$950,300ft2,-118.29999116463556,34.05309285
"$2,399",940ft2,-118.111975,34.0159398
"$400,000",2263ft2,-73.7517983,40.9278769
"$2,561",575ft2,-118.4998204,34.2148853
"$3,755",1153ft2,-118.262356,34.0408575
"$2,255",641ft2,-118.25915818784813,34.05749805000001
"$3,721",1170ft2,-118.396466,34.0211224
"$1,595",475ft2,-118.31085377419355,34.084985548387095
"$1,850",750ft2,-118.3415105,34.1010753
"$2,645",724ft2,-73.9865157,40.7476419
"$1,950",844ft2,-118.1435106973105,34.67049049633176
$800,300ft2,-117.7517496,34.0553813
"$2,055",853ft2,-118.1434477,34.670445
"$1,620",440ft2,-118.177701,34.113137
"$1,897",472ft2,-118.4489865,34.1508718
"$3,965",1350ft2,-118.2645198,34.1605626
"$2,431",370ft2,-118.242766,34.0536909
"$5,100",2700ft2,-118.5174342,34.2661558
"$2,595",900ft2,-118.4998204,34.2148853
"$2,808",700ft2,-118.44685070595054,34.070877749999994
"$1,250",200ft2,-118.29475530799803,33.82944295
"$1,900",679ft2,-118.4489865,34.1508718
"$1,250",200ft2,-118.45019146311283,34.0456826
"$1,935",472ft2,-118.4489865,34.1508718
"$1,775",555ft2,-118.49014837369748,34.20713175
"$38,000",108900ft2,-116.3492892,34.1351778
"$2,150",670ft2,-118.491227,34.0194704
"$3,500",1348ft2,-118.2512228,34.0550659
"$2,878",931ft2,-118.2517547,33.8322043
"$1,775",895ft2,-118.143318,34.703864
"$2,295",950ft2,-118.3406288,33.8358492
"$1,647",989ft2,-118.12463073469388,34.673705653061226
$950,250ft2,-117.8891164,34.0877926
"$2,800",810ft2,-118.40106334693878,34.02333328571429
"$3,160",856ft2,-118.396466,34.0211224
"$2,605",700ft2,-118.3161262,34.1148012
$995,3700ft2,-118.290485,33.8098085
"$1,695",395ft2,121.7141386,17.6210145
"$7,500",2582ft2,-118.3747521,34.1649502
"$2,293",792ft2,-118.5361872244898,34.241411224489795
"$3,183",700ft2,-118.2623924,34.1186975
"$6,500",2450ft2,-88.80798382506958,14.6151189
"$2,163",610ft2,-73.68100245,40.591266950000005
"$4,500",1540ft2,-118.3872871,34.1499888
"$2,808",700ft2,-118.44685070595054,34.070877749999994
"$2,533",603ft2,-82.3247742,23.0888462
"$1,700",562ft2,-118.1571396,34.6834923
$850,250ft2,-118.5369316,34.2345615
"$4,575",877ft2,-118.453755,33.968839
"$2,698",985ft2,121.7141386,17.6210145
"$2,295",741ft2,-2.8830135,53.2642217
"$2,187",600ft2,-118.3965758,34.1637147
"$2,187",600ft2,-118.3965758,34.1637147
"$6,995",2905ft2,-118.3965758,34.1637147
"$4,195",1900ft2,-118.4486675,34.1866193
"$2,755",1008ft2,-118.4489865,34.1508718
"$4,352",1100ft2,-118.38343364574519,34.08691295
"$3,671",1170ft2,-118.396466,34.0211224
"$3,695",1700ft2,-118.3415105,34.1010753
"$1,400",110ft2,-118.536528,34.2006552
"$1,799",630ft2,-118.532237,34.2299673877551
"$3,500",1500ft2,-73.68100245,40.591266950000005
"$1,550",500ft2,-118.536567,34.1689295
"$2,500",855ft2,-118.307201,34.1812089
"$2,327",883ft2,-118.1434477,34.670445
"$1,845",700ft2,-118.4486675,34.1866193
"$2,495",850ft2,-118.3747521,34.1649502
"$2,326",647ft2,-118.2521002,34.047996
"$1,495",500ft2,-118.31234551020408,34.07278073469388
"$2,581",917ft2,-118.60660503062986,34.247065622139914
"$3,199",1119ft2,-118.22407287755102,34.08275155102041
$620,120ft2,-118.5369316,34.2345615
"$2,105",751ft2,-117.905339,33.9761238
"$4,907",1550ft2,-118.242766,34.0536909
"$1,905",618ft2,-118.3961877,34.1483989
"$2,385",850ft2,-3.5881102773279347,37.176059949999996
"$3,088",700ft2,-118.2623924,34.1186975
"$1,550",500ft2,-118.536567,34.1689295
"$4,000",750ft2,-118.242766,34.0536909
"$1,550",500ft2,-118.536567,34.1689295
"$2,706",721ft2,-118.242766,34.0536909
"$1,475",350ft2,-118.536567,34.1689295
"$2,215",627ft2,-96.5159408,42.9156667
"$2,630",750ft2,-117.8067257,34.1066756
"$1,983",784ft2,-118.49014837369748,34.20713175
"$1,850",500ft2,-118.53726616161617,34.17226548484848
"$2,500",1105ft2,-3.5881102773279347,37.176059949999996
"$2,099",650ft2,121.7141386,17.6210145
"$4,195",1900ft2,-118.4486675,34.1866193
"$3,781",1224ft2,-118.2517547,33.8322043
"$3,895",1290ft2,-118.5010456,34.1938237
"$3,220",800ft2,-118.242766,34.0536909
"$3,345",800ft2,-118.242766,34.0536909
"$4,159",1400ft2,-118.2645198,34.1605626
"$3,085",788ft2,-118.3961877,34.1483989
"$1,500",450ft2,-118.36440255820173,34.024548550000006
"$3,225",1218ft2,-118.25915818784813,34.05749805000001
"$2,850",810ft2,-118.40106334693878,34.02333328571429
$660,130ft2,-117.8067257,34.1066756
"$2,143",656ft2,-118.5361872244898,34.241411224489795
"$3,895",1290ft2,-118.5010456,34.1938237
"$2,250",478ft2,-118.2521002,34.047996
"$2,499",901ft2,-118.05540636076186,33.90591818324376
"$1,325",350ft2,-118.191604,33.7690164
"$2,060",450ft2,-118.3161262,34.1148012
"$3,554",1306ft2,-118.588921,34.184485
"$1,950",844ft2,-118.1435106973105,34.67049049633176
$600,100ft2,-118.36454561390488,33.9449271
"$1,890",700ft2,-118.45099284249528,34.2507302
"$2,470",774ft2,-73.68100245,40.591266950000005
"$3,695",1700ft2,-118.3415105,34.1010753
"$7,500",2582ft2,-118.3747521,34.1649502
"$2,300",750ft2,-118.25148718346148,34.23259955
"$3,495",1600ft2,-118.35773977206304,34.0725841
"$3,000",950ft2,-118.4993248,34.2109337
"$1,850",750ft2,-118.242766,34.0536909
"$3,000",950ft2,-118.4993248,34.2109337
"$1,695",600ft2,-73.6765187,40.7809343
"$3,000",950ft2,-118.4993248,34.2109337
"$3,285",1154ft2,-118.542586,34.3916641
"$3,000",950ft2,-118.242766,34.0536909
"$3,383",870ft2,-118.242766,34.0536909
"$2,247",701ft2,-105.4630437935865,44.221618899999996
"$5,650",674ft2,-118.491227,34.0194704
"$3,977",1463ft2,-118.3961877,34.1483989
"$2,159",830ft2,-118.177701,34.113137
"$2,495",600ft2,-118.2875062,34.1076561
"$2,612",414ft2,-118.38343364574519,34.08691295
"$2,550",580ft2,-118.431131,34.153143
"$2,419",470ft2,-118.242766,34.0536909
"$2,720",655ft2,-118.4158341,34.0133412
"$2,768",700ft2,-118.44685070595054,34.070877749999994
"$5,650",680ft2,-118.491227,34.0194704
"$3,260",1176ft2,-118.612108,34.1805799
"$2,350",937ft2,-118.4486675,34.1866193
"$1,495",500ft2,-118.31234551020408,34.07278073469388
"$2,000",3000ft2,-118.307201,34.1812089
"$4,195",200ft2,-118.48466671894872,34.221748000000005
"$2,331",382ft2,-118.49040103913525,34.018776354676696
"$2,900",850ft2,-78.9825288,35.0501631
"$2,838",603ft2,-118.4998204,34.2148853
"$2,415",425ft2,-118.2623924,34.1186975
"$3,998",1430ft2,-118.612108,34.1805799
"$1,320",250ft2,-82.3247742,23.0888462
"$1,400",216ft2,-118.430254,34.0468546
"$1,982",650ft2,-118.3961877,34.1483989
"$3,160",788ft2,-118.3961877,34.1483989
"$1,495",900ft2,-118.4156337,33.917028
"$2,729",1080ft2,121.7141386,17.6210145
$650,120ft2,-118.191604,33.7690164
"$1,500",1380ft2,-118.31263737074612,33.92753390048512
"$2,295",792ft2,-118.5361872244898,34.241411224489795
"$1,650",1000ft2,-118.3767660046168,34.0938564
"$2,060",450ft2,-118.3161262,34.1148012
"$2,023",1080ft2,-118.1571396,34.6834923
"$4,495",1480ft2,-118.396466,34.0211224
"$1,595",475ft2,-118.31085377419355,34.084985548387095
"$2,395",900ft2,-118.242766,34.0536909
"$3,450",1600ft2,-118.3739591,34.0829748
"$2,335",352ft2,-118.2623924,34.1186975
"$2,878",931ft2,-118.2484316,33.8468505
$750,150ft2,-117.905339,33.9761238
"$2,125",650ft2,-118.506751,34.221426
"$3,223",800ft2,-118.242766,34.0536909
"$4,220",1090ft2,-118.453755,33.968839
$500,970ft2,-115.148516,36.1672559
"$2,850",810ft2,-118.40106334693878,34.02333328571429
"$2,595",655ft2,-118.4158341,34.0133412
"$2,200",750ft2,-4.1565744,55.742176
"$1,795",470ft2,-118.290485,33.8098085
"$2,007",1080ft2,-118.1571396,34.6834923
"$2,070",498ft2,-118.2521002,34.047996
"$3,199",1119ft2,-118.22407287755102,34.08275155102041
"$5,690",1210ft2,8.9041135,46.4063747
"$3,558",793ft2,-118.242766,34.0536909
"$2,095",450ft2,-118.3715162,34.1417987
"$2,095",740ft2,-118.59143265306123,34.2282813877551
"$3,800",805ft2,8.9041135,46.4063747
"$3,275",865ft2,8.9041135,46.4063747
"$4,235",1371ft2,-88.3847163,44.8751452
"$2,581",917ft2,-118.60660503062986,34.247065622139914
"$1,799",630ft2,-118.532237,34.2299673877551
"$2,163",610ft2,-73.68100245,40.591266950000005
"$1,395",375ft2,-90.5592756,14.6307001
"$2,661",1050ft2,-105.4630437935865,44.221618899999996
$175,90ft2,-118.2875062,34.1076561
"$2,232",675ft2,-118.307201,34.1812089
"$2,295",376ft2,-118.43623000000001,34.28597104166666
"$1,850",700ft2,-118.4489865,34.1508718
"$2,199",625ft2,-118.111975,34.0159398
"$3,800",976ft2,8.9041135,46.4063747
"$3,253",916ft2,-118.22407287755102,34.08275155102041
"$2,500",700ft2,-90.5592756,14.6307001
"$3,080",710ft2,-118.396466,34.0211224
"$2,406",902ft2,121.7141386,17.6210145
"$3,862",1166ft2,-118.242766,34.0536909
"$1,950",844ft2,-118.1435106973105,34.67049049633176
"$1,500",988ft2,-118.1171108,34.5793131
"$2,910",985ft2,-118.25915818784813,34.05749805000001
"$1,655",360ft2,-118.49014837369748,34.20713175
"$2,511",940ft2,-118.5978087,34.2011078
"$1,750",500ft2,-118.329523,34.0980031
"$2,052",668ft2,-118.3961877,34.1483989
"$2,765",600ft2,-112.0743163,33.5555972
"$2,293",792ft2,-118.5361872244898,34.241411224489795
"$1,995",615ft2,-118.329523,34.0980031
"$3,350",940ft2,-118.4158341,34.0133412
"$3,695",750ft2,-118.4740699,34.0521403
"$2,240",853ft2,-118.1434477,34.670445
"$2,715",650ft2,-118.44685070595054,34.070877749999994
"$3,300",1100ft2,-118.3465777,34.1216903
"$2,200",800ft2,-118.1085554,34.0990995
"$3,781",1224ft2,-118.2517547,33.8322043
"$3,300",1117ft2,-118.4998204,34.2148853
"$2,350",600ft2,-118.242766,34.0536909
"$2,525",1056ft2,-118.242766,34.0536909
"$2,350",752ft2,-76.7679626,18.0140946
"$1,800",400ft2,-118.030839,33.9708782
"$2,525",1100ft2,-118.5369316,34.2345615
"$1,775",895ft2,-118.143318,34.703864
"$1,860",632ft2,-3.5881102773279347,37.176059949999996
"$1,683",989ft2,-118.12463073469388,34.673705653061226
"$1,897",472ft2,-118.4489865,34.1508718
"$1,495",450ft2,-118.31234551020408,34.07278073469388
"$2,326",647ft2,-118.2521002,34.047996
"$3,490",2490ft2,-118.06244504834092,34.54370219508009
"$3,162",932ft2,-118.242766,34.0536909
"$3,088",700ft2,-118.2623924,34.1186975
"$2,812",839ft2,-118.242766,34.0536909
"$5,700",1290ft2,-118.307201,34.1812089
"$3,350",940ft2,-118.40712110209813,34.02068178721295
"$2,655",700ft2,-118.3161262,34.1148012
"$1,495",550ft2,-118.242766,34.0536909
"$2,200",800ft2,-118.4486675,34.1866193
"$3,795",1161ft2,-88.80798382506958,14.6151189
"$2,616",450ft2,-118.45837635943644,33.98096325
"$2,200",800ft2,-118.536567,34.1689295
"$1,995",750ft2,-118.5369316,34.2345615
"$2,630",750ft2,-117.8067257,34.1066756
"$2,250",750ft2,-122.1349013,37.4240818
"$2,225",746ft2,-118.242766,34.0536909
"$1,575",450ft2,-118.096735,33.9830688
"$2,150",700ft2,151.2902459,-33.7552752
"$2,045",500ft2,-122.1349013,37.4240818
"$1,750",610ft2,-118.1292846,33.9404441
"$1,975",615ft2,-118.52632210641266,34.2455346
"$2,045",815ft2,-118.6058382,34.1684364
"$1,100",2604ft2,-118.491227,34.0194704
"$1,990",625ft2,-118.10193589994032,33.92372550730057
"$1,600",600ft2,-118.3747521,34.1649502
"$5,995",2000ft2,-118.242766,34.0536909
"$1,650",425ft2,-118.4486675,34.1866193
"$2,793",500ft2,-118.2623924,34.1186975
"$2,295",741ft2,-118.40842156704147,34.1522673
"$2,695",680ft2,-118.430254,34.0468546
"$2,595",847ft2,103.7982888,1.3258528
"$2,595",829ft2,-118.536528,34.2006552
"$4,349",1033ft2,-118.4998204,34.2148853
"$3,995",700ft2,-118.4442462,34.0594537
"$2,705",655ft2,-118.2478471,34.1469416
"$1,595",475ft2,-118.31085377419355,34.084985548387095
"$1,995",875ft2,-118.5016166,34.1591324
"$2,945",1020ft2,-118.4486675,34.1866193
"$2,040",535ft2,-118.0014517,34.1483499
"$2,945",1020ft2,-118.4486675,34.1866193
"$2,695",680ft2,-118.430254,34.0468546
$2,2900ft2,-118.242766,34.0536909
"$1,875",800ft2,-118.242766,34.0536909
"$2,685",1007ft2,-117.865339,34.1361187
"$2,625",1113ft2,-105.4630437935865,44.221618899999996
"$2,755",1008ft2,-118.4489865,34.1508718
"$2,800",810ft2,-118.40106334693878,34.02333328571429
"$2,199",625ft2,-118.0999617,34.0223067
"$1,836",752ft2,-118.1571396,34.6834923
"$1,495",500ft2,-118.4453745,34.2242902
"$1,550",476ft2,-118.53737522638481,34.2408520911085
"$1,834",752ft2,-118.1571396,34.6834923
"$2,729",1080ft2,121.7141386,17.6210145
"$1,990",625ft2,-118.10193589994032,33.92372550730057
"$3,160",856ft2,-118.396466,34.0211224
$99,30000ft2,-98.455696,29.667596
"$2,331",382ft2,-118.49040103913525,34.018776354676696
"$3,430",831ft2,-118.453755,33.968839
"$1,975",625ft2,-118.10193589994032,33.92372550730057
"$3,035",750ft2,-118.3747521,34.1649502
"$2,599",951ft2,-105.4630437935865,44.221618899999996
"$2,495",725ft2,-118.262356,34.0408575
$149,2700ft2,-98.455696,29.667596
$149,2700ft2,-98.455696,29.667596
"$3,124",984ft2,-118.22407287755102,34.08275155102041
"$3,270",1107ft2,-82.3247742,23.0888462
"$2,163",610ft2,-73.68100245,40.591266950000005
"$2,600",917ft2,-118.4998204,34.2148853
"$2,150",950ft2,-118.3747521,34.1649502
"$1,600",2400ft2,-118.191604,33.7690164
"$3,065",710ft2,-118.396466,34.0211224
"$2,032",725ft2,-118.3314469,34.008441
"$1,675",360ft2,-118.53726616161617,34.17226548484848
"$1,994",478ft2,-118.242766,34.0536909
"$2,187",600ft2,-118.3965758,34.1637147
"$2,187",600ft2,-118.3965758,34.1637147
"$1,525",500ft2,-118.191604,33.7690164
"$1,983",784ft2,-118.49014837369748,34.20713175
"$2,350",525ft2,-118.3747521,34.1649502
"$2,150",600ft2,-118.3406288,33.8358492
"$2,195",950ft2,-118.5016166,34.1591324
"$2,950",836ft2,-122.1349013,37.4240818
"$1,450",650ft2,-118.191604,33.7690164
"$2,180",675ft2,-118.307201,34.1812089
"$2,219",450ft2,-118.6058382,34.1684364
"$2,860",1115ft2,121.7141386,17.6210145
"$3,325",987ft2,-118.430254,34.0468546
"$1,895",450ft2,-118.430254,34.0468546
"$2,240",721ft2,-118.5361872244898,34.241411224489795
"$2,250",880ft2,-82.3247742,23.0888462
"$1,725",468ft2,-115.1716456262077,36.1097264
"$3,510",1400ft2,-118.307201,34.1812089
"$1,755",422ft2,-96.5159408,42.9156667
"$3,045",900ft2,-82.3247742,23.0888462
"$1,500,000",3300ft2,-118.1478291,34.1133062
"$2,322",1018ft2,-118.1434477,34.670445
"$4,907",1550ft2,-118.242766,34.0536909
"$3,525",1255ft2,-118.612108,34.1805799
"$4,907",1550ft2,-118.242766,34.0536909
"$2,075",480ft2,-118.38879907069955,34.01483175
"$685,000",3600ft2,-82.2272119,34.9381361
"$4,907",1550ft2,-118.242766,34.0536909
"$4,907",1550ft2,-118.242766,34.0536909
$455,25ft2,-118.448647,33.9776848
"$2,850",810ft2,-118.40106334693878,34.02333328571429
"$3,146",1191ft2,-118.588921,34.184485
$455,25ft2,-118.448647,33.9776848
"$3,895",900ft2,-121.696026,37.9317766
"$2,490",600ft2,-118.23434410881984,34.149130899860964
$580,170ft2,-118.242766,34.0536909
"$1,885",357ft2,-118.242766,34.0536909
"$1,975",625ft2,-118.10193589994032,33.92372550730057
"$1,681",525ft2,-118.4998204,34.2148853
$455,25ft2,-118.448647,33.9776848
"$2,495",850ft2,-118.3747521,34.1649502
"$2,813",682ft2,-118.242766,34.0536909
$455,25ft2,-118.448647,33.9776848
"$1,881",350ft2,-118.430254,34.0468546
"$6,900",3000ft2,-118.4998204,34.2148853
"$2,791",656ft2,-118.242766,34.0536909
"$2,899",955ft2,121.7141386,17.6210145
"$1,950",844ft2,-118.1435106973105,34.67049049633176
"$4,111",1284ft2,-118.2517547,33.8322043
"$1,675",1183ft2,-118.242766,34.0536909
"$2,350",1000ft2,-118.242766,34.0536909
"$2,179",701ft2,-105.4630437935865,44.221618899999996
"$2,000",745ft2,-118.5369316,34.2345615
"$2,495",823ft2,-118.6058382,34.1684364
"$2,499",901ft2,-118.05540636076186,33.90591818324376
"$2,425",850ft2,-118.45099284249528,34.2507302
"$2,150",662ft2,-118.2478471,34.1469416
"$3,915",987ft2,-118.242766,34.0536909
"$1,850",592ft2,-118.5369316,34.2345615
"$1,850",500ft2,-10.797788,6.328034
"$1,599",395ft2,-118.342358,34.100249500000004
"$2,450",1200ft2,-118.4854081,34.2429575
"$2,165",652ft2,-82.3247742,23.0888462
"$3,160",788ft2,-118.3961877,34.1483989
"$2,540",647ft2,-118.4998204,34.2148853
"$2,199",590ft2,-118.251252,34.0628846
"$3,260",1176ft2,-118.612108,34.1805799
"$3,558",802ft2,-118.242766,34.0536909
"$1,707",270ft2,-118.242766,34.0536909
"$2,174",610ft2,-73.68100245,40.591266950000005
"$1,750",550ft2,-118.3747521,34.1649502
"$1,950",700ft2,-118.329523,34.0980031
"$2,430",580ft2,-82.3247742,23.0888462
"$2,700",704ft2,-82.3247742,23.0888462
"$2,200",860ft2,-118.242766,34.0536909
"$4,485",1247ft2,-118.3747521,34.1649502
"$2,300",700ft2,-118.242766,34.0536909
"$2,200",700ft2,-118.242766,34.0536909
"$5,500",1950ft2,-118.242766,34.0536909
"$2,400",860ft2,-118.242766,34.0536909
"$3,049",1117ft2,121.7141386,17.6210145
"$2,500",860ft2,-118.242766,34.0536909
"$2,500",840ft2,-118.242766,34.0536909
"$2,300",900ft2,-118.242766,34.0536909
"$3,385",975ft2,-82.3247742,23.0888462
"$3,065",1100ft2,-82.3247742,23.0888462
"$3,475",1004ft2,-118.2951567,34.0645608
"$2,237",675ft2,-118.307201,34.1812089
"$2,700",704ft2,-82.3247742,23.0888462
"$2,560",675ft2,-82.3247742,23.0888462
"$2,300",750ft2,-118.25148718346148,34.23259955
"$1,750",554ft2,-118.074313,33.8284787
"$1,973",604ft2,-118.49014837369748,34.20713175
"$1,900",890ft2,-73.6765187,40.7809343
"$169,000",11956ft2,-118.644097,34.1446643
"$2,761",968ft2,-118.4998204,34.2148853
"$2,584",665ft2,-118.329523,34.0980031
"$3,618",1314ft2,-118.3961877,34.1483989
"$1,900",890ft2,-73.6765187,40.7809343
"$2,265",832ft2,-105.4630437935865,44.221618899999996
"$4,295",1631ft2,-118.3699723,34.0760338
"$3,355",930ft2,-81.1415004,31.987711
"$2,000",430ft2,-118.1444779,34.1476452
"$2,390",625ft2,-118.40106334693878,34.02333328571429
"$1,900",875ft2,-73.6765187,40.7809343
"$2,700",1100ft2,-118.3886766,33.8455911
"$2,750",710ft2,-118.329523,34.0980031
"$1,350",1200ft2,-118.242766,34.0536909
"$2,175",550ft2,-118.2521002,34.047996
"$2,375",850ft2,-1.5868348,42.8476753
"$4,907",1550ft2,-118.242766,34.0536909
"$2,998",1014ft2,-88.80798382506958,14.6151189
"$2,375",850ft2,-1.5868348,42.8476753
"$4,907",1550ft2,-118.242766,34.0536909
"$1,950",300ft2,-118.3715162,34.1417987
"$2,195",850ft2,-118.3965758,34.1637147
"$2,750",1053ft2,-118.307201,34.1812089
"$5,295",1585ft2,-118.3692894,34.0923014
"$3,445",1064ft2,-118.329523,34.0980031
"$2,655",700ft2,-118.3161262,34.1148012
"$3,995",1450ft2,-118.427027,34.2625025
"$2,470",774ft2,-73.68100245,40.591266950000005
"$169,000",11028ft2,-118.644097,34.1446643
"$1,865",552ft2,-118.53685296969697,34.2392026969697
"$4,000",1250ft2,-118.242766,34.0536909
"$1,875",750ft2,-118.242766,34.0536909
"$1,714",741ft2,121.7141386,17.6210145
"$2,968",835ft2,-118.3961877,34.1483989
"$3,900",1150ft2,-118.242766,34.0536909
"$2,600",800ft2,-118.242766,34.0536909
"$2,468",997ft2,-105.4630437935865,44.221618899999996
"$2,600",630ft2,72.8272156,19.0509432
"$2,672",950ft2,-105.4630437935865,44.221618899999996
"$2,481",710ft2,-118.396466,34.0211224
"$2,720",655ft2,-118.4158341,34.0133412
"$2,995",1000ft2,-118.3963062,34.0696501
"$2,469",470ft2,-118.242766,34.0536909
"$3,154",650ft2,-118.2875062,34.1076561
"$2,602",951ft2,-105.4630437935865,44.221618899999996
"$2,660",950ft2,-105.4630437935865,44.221618899999996
"$2,748",700ft2,-118.44685070595054,34.070877749999994
"$3,995",2500ft2,-118.4489865,34.1508718
"$2,535",960ft2,-118.3961877,34.1483989
"$1,050",120ft2,-118.1444779,34.1476452
"$3,296",1003ft2,147.1692866,-41.4900307
"$1,350",225ft2,-118.1444779,34.1476452
"$3,395",1024ft2,-118.329523,34.0980031
"$40,000",720ft2,118.13139404214539,-34.719595
"$169,000",11034ft2,-118.644097,34.1446643
"$2,065",712ft2,121.7141386,17.6210145
"$2,494",480ft2,-118.3692894,34.0923014
$150,500ft2,-76.3056686,40.03813
"$5,495",1500ft2,-118.3692894,34.0923014
"$2,560",675ft2,-82.3247742,23.0888462
"$1,995",350ft2,-118.396466,34.0211224
"$1,675",550ft2,-118.3747521,34.1649502
"$5,659",1207ft2,-118.439944,34.0668947
"$2,494",480ft2,-118.3692894,34.0923014
"$3,366",720ft2,-118.38343364574519,34.08691295
"$2,993",1070ft2,-73.4078968,41.1175966
"$3,670",1196ft2,-118.4998204,34.2148853
"$2,409",850ft2,-95.42850117122116,33.670169
"$3,095",744ft2,-118.2113889,34.1388889
"$4,705",1860ft2,-118.4998204,34.2148853
"$2,350",700ft2,-94.6169014,39.0177834
"$3,550",500ft2,-118.242766,34.0536909
"$3,065",1056ft2,-118.542586,34.3916641
"$1,940",608ft2,-118.536528,34.2006552
"$1,620",440ft2,-118.177701,34.113137
"$2,719",791ft2,-118.242766,34.0536909
"$4,150",1200ft2,-118.430254,34.0468546
"$1,986",426ft2,-118.3961877,34.1483989
"$2,100",1050ft2,-71.53619592572777,42.43488525
"$3,699",1164ft2,-118.200981,33.9463456
"$3,333",1000ft2,-91.96739,41.994547
"$2,125",660ft2,121.7141386,17.6210145
"$3,695",1700ft2,-118.3415105,34.1010753
"$2,100",1000ft2,-118.242766,34.0536909
"$1,875",825ft2,-118.242766,34.0536909
"$2,695",1060ft2,-118.5016166,34.1591324
"$2,840",1007ft2,-117.6882067,33.5948758
"$1,710",562ft2,-118.1571396,34.6834923
"$2,420",648ft2,-82.3247742,23.0888462
"$2,284",500ft2,-118.4388067,33.9541453
"$3,375",1331ft2,-118.26100948570223,34.053123822867946
"$2,307",615ft2,-118.4492148,34.3076252
"$2,370",451ft2,-86.152802,39.7677398
"$2,668",1179ft2,-118.4998204,34.2148853
"$2,300",560ft2,-118.3692894,34.0923014
"$3,295",1230ft2,-118.3747521,34.1649502
"$1,695",750ft2,-118.3961877,34.1483989
"$2,108",725ft2,-105.0846694,39.7085736
"$4,325",1454ft2,-71.0605976,42.3385334
"$12,500",1976ft2,-118.491227,34.0194704
"$2,331",382ft2,-118.49040103913525,34.018776354676696
"$2,000",220ft2,-118.329523,34.0980031
"$2,214",733ft2,-118.4998204,34.2148853
"$2,344",759ft2,7.460006295903771,51.514109000000005
"$2,331",382ft2,-118.49040103913525,34.018776354676696
"$10,410",1933ft2,-118.1929586,33.7680387
"$2,510",647ft2,-118.3747521,34.1649502
"$2,300",896ft2,-118.290485,33.8098085
"$2,150",400ft2,-118.430254,34.0468546
"$3,090",710ft2,-118.396466,34.0211224
"$2,295",676ft2,-90.5592756,14.6307001
"$2,709",598ft2,-73.9865157,40.7476419
"$3,105",765ft2,-118.3961877,34.1483989
"$2,909",725ft2,-8.913132494194784,38.6145584
"$3,871",950ft2,-118.2875062,34.1076561
"$3,330",1117ft2,-118.612108,34.1805799
"$4,570",768ft2,-118.491227,34.0194704
"$4,624",1240ft2,-118.329523,34.0980031
"$3,234",682ft2,-82.3247742,23.0888462
"$1,350",198ft2,-118.242766,34.0536909
"$2,700",953ft2,-118.40212973076923,34.15753457692308
"$6,187",1325ft2,-118.396466,34.0211224
"$2,375",457ft2,-118.453755,33.968839
"$3,340",1168ft2,-118.6058382,34.1684364
"$1,995",800ft2,-118.242766,34.0536909
"$2,365",554ft2,-118.191604,33.7690164
"$3,180",936ft2,-118.262356,34.0408575
"$2,215",600ft2,-94.1955334,44.9032959
"$4,353",1141ft2,-119.8158146969697,36.721270454545454
"$2,841",590ft2,-118.400632,33.9597349
"$3,169",625ft2,-118.37774544117647,34.05930055882353
"$3,071",1032ft2,-105.0846694,39.7085736
"$3,025",684ft2,-118.4998204,34.2148853
"$3,495",930ft2,-94.1955334,44.9032959
"$2,335",352ft2,-118.2623924,34.1186975
"$2,295",676ft2,-90.5592756,14.6307001
"$5,748",1762ft2,-117.1291968,32.7244659
"$2,532",669ft2,-118.6058382,34.1684364
"$4,758",1112ft2,-71.13066141696464,41.6810939
"$2,349",750ft2,-118.2478471,34.1469416
"$2,465",687ft2,-82.3247742,23.0888462
"$2,055",700ft2,-73.7907554,41.1763139
"$4,008",1331ft2,-118.542586,34.3916641
"$1,949",492ft2,-73.9865157,40.7476419
"$3,550",1034ft2,-118.2478471,34.1469416
"$6,150",1087ft2,51.4675887,25.3347691
"$1,295",390ft2,-75.546589,39.7459468
"$2,630",1000ft2,-118.542586,34.3916641
"$3,695",750ft2,-118.4740699,34.0521403
"$3,325",1345ft2,-105.4630437935865,44.221618899999996
"$4,409",1112ft2,-118.329523,34.0980031
"$2,415",475ft2,-82.3247742,23.0888462
"$3,752",880ft2,-114.0608864,51.0596291
"$3,932",959ft2,-73.9865157,40.7476419
"$2,900",992ft2,-82.3247742,23.0888462
"$3,150",601ft2,-118.430254,34.0468546
"$3,000",770ft2,-118.1444779,34.1476452
"$2,873",1113ft2,-105.4630437935865,44.221618899999996
"$4,950",1371ft2,-73.7907554,41.1763139
"$2,555",938ft2,-105.0846694,39.7085736
"$3,332",970ft2,-82.3247742,23.0888462
"$2,256",775ft2,-118.56965545948756,34.38133795
"$1,795",325ft2,-118.4998204,34.2148853
"$3,305",1230ft2,-118.612108,34.1805799
"$2,099",720ft2,121.7141386,17.6210145
"$2,150",650ft2,-118.37068726610522,34.03477287109662
"$3,070",1140ft2,-118.3961877,34.1483989
"$2,047",750ft2,-117.87148810204081,34.113839
"$2,780",666ft2,-118.3483256,33.9188589
"$2,995",850ft2,-118.4156337,33.917028
"$2,963",1037ft2,-118.6058382,34.1684364
"$3,561",802ft2,-118.242766,34.0536909
"$3,495",930ft2,-94.1955334,44.9032959
"$3,873",970ft2,-118.430254,34.0468546
"$2,195",675ft2,-118.3406288,33.8358492
"$2,540",647ft2,-118.3747521,34.1649502
"$2,923",891ft2,-118.28799785714286,34.07020730612245
"$2,850",810ft2,-118.40106334693878,34.02333328571429
"$2,295",675ft2,120.7264143,15.0029242
"$2,245",700ft2,-118.396142,33.9559978
"$3,246",1055ft2,-118.2517547,33.8322043
"$2,606",750ft2,-118.07632858126446,33.93495871193179
"$3,080",711ft2,-118.37008945918367,34.143189663265304
"$3,190",895ft2,-118.4998204,34.2148853
"$2,595",750ft2,-118.430254,34.0468546
"$2,612",414ft2,-118.38343364574519,34.08691295
"$2,785",755ft2,-118.6058382,34.1684364
"$1,750",550ft2,-118.3483256,33.9188589
"$3,250",1151ft2,-118.2478471,34.1469416
"$2,195",800ft2,-118.2705469,34.1213083
"$3,450",1037ft2,-118.030839,33.9708782
"$1,765",525ft2,-73.68100245,40.591266950000005
"$2,991",968ft2,-73.9962504,40.7164913
"$1,499,000",1976ft2,-118.242766,34.0536909
"$2,546",837ft2,-105.4630437935865,44.221618899999996
"$3,155",874ft2,-118.030839,33.9708782
"$1,595",400ft2,-118.305447,34.0617936
"$2,185",467ft2,-118.26067749051938,34.04160685
"$3,515",1048ft2,-118.036849,34.0751571
"$1,799",483ft2,-80.7161701,26.6639559
"$2,453",750ft2,-118.3603703,34.0415271
"$3,365",1257ft2,-118.26432998951834,34.05047940778745
"$2,912",773ft2,121.7141386,17.6210145
"$2,601",634ft2,-121.29294347548085,37.93169655
"$4,369",798ft2,-118.4916499,34.0136604
"$2,225",600ft2,-118.307201,34.1812089
"$2,905",1020ft2,171.2522834,-44.395377
"$5,680",1317ft2,-118.46878181253348,33.97996005
"$3,160",839ft2,-118.262356,34.0408575
"$1,600",965ft2,-118.4998204,34.2148853
"$2,390",709ft2,-78.63393456237974,35.7658998
"$3,200",1200ft2,-118.3961877,34.1483989
"$2,859",610ft2,-118.329523,34.0980031
"$3,895",1290ft2,-118.5010456,34.1938237
"$3,253",916ft2,-118.22407287755102,34.08275155102041
"$2,728",710ft2,-118.439944,34.0668947
"$4,165",643ft2,-118.491227,34.0194704
"$1,395",750ft2,-118.4489739,35.1321878
"$2,065",483ft2,-118.242766,34.0536909
"$1,905",618ft2,-118.3961877,34.1483989
"$3,860",836ft2,-118.1929586,33.7680387
"$2,561",633ft2,-122.2649406,37.8099237
"$2,515",714ft2,-118.4486675,34.1866193
"$1,675",360ft2,-118.53726616161617,34.17226548484848
"$5,205",1392ft2,-115.1716456262077,36.1097264
"$1,620",440ft2,-118.177701,34.113137
"$2,548",965ft2,-118.542586,34.3916641
"$2,530",860ft2,-118.0849169,33.9092802
"$2,395",1200ft2,-118.536528,34.2006552
"$2,250",750ft2,-122.1349013,37.4240818
"$2,295",675ft2,-118.2478471,34.1469416
"$4,323",1300ft2,-105.4630437935865,44.221618899999996
"$2,995",1037ft2,-73.9865157,40.7476419
"$1,575",391ft2,-82.3247742,23.0888462
"$1,750",550ft2,-118.3483256,33.9188589
"$2,375",457ft2,-118.453755,33.968839
"$1,820",660ft2,-76.3056686,40.03813
"$2,933",1100ft2,-118.3747521,34.1649502
"$1,695",420ft2,-118.200981,33.9463456
"$2,933",1100ft2,-118.3747521,34.1649502
"$3,220",800ft2,-118.242766,34.0536909
"$1,315",550ft2,-118.353132,33.9562003
"$2,912",773ft2,121.7141386,17.6210145
"$2,715",550ft2,-118.14350652016668,34.13996985
"$2,729",1080ft2,121.7141386,17.6210145
"$1,925",634ft2,-118.53737522638481,34.2408520911085
"$5,695",1901ft2,-118.430254,34.0468546
"$2,615",700ft2,-118.3161262,34.1148012
"$1,595",250ft2,12.3345898,45.4371908
"$2,800",1517ft2,-118.191604,33.7690164
"$1,700",562ft2,-118.1571396,34.6834923
"$2,525",1100ft2,-118.5369316,34.2345615
"$1,950",300ft2,-118.3715162,34.1417987
"$1,825",1949ft2,-118.3524833,34.0294356
"$2,595",850ft2,-118.5369316,34.2345615
"$4,636",910ft2,-117.1291968,32.7244659
"$1,315",550ft2,-118.353132,33.9562003
"$2,107",656ft2,-73.68100245,40.591266950000005
"$2,195",750ft2,-118.11119671663431,34.01954476409373
"$1,980",694ft2,-117.9056046,34.1338751
"$3,095",617ft2,-118.430254,34.0468546
"$1,980",694ft2,-117.9056046,34.1338751
"$1,980",694ft2,-117.9056046,34.1338751
"$1,850",650ft2,-118.4489865,34.1508718
"$675,000",1698ft2,-117.9389526,34.0686208
"$1,599,000",2048ft2,-118.335055,34.0736782
"$1,179,999",1277ft2,-73.7907554,41.1763139
"$974,999",1336ft2,-118.2350733,34.230429
"$2,095",725ft2,-118.242766,34.0536909
"$579,999",998ft2,-118.242766,34.0536909
"$2,999,999",4656ft2,-118.1444779,34.1476452
"$799,999",1455ft2,-117.970898,34.1469511
"$549,999",1010ft2,-1.5868348,42.8476753
"$1,980",586ft2,-117.9056046,34.1338751
"$2,380",803ft2,-117.9056046,34.1338751
"$2,380",803ft2,-117.9056046,34.1338751
"$2,380",803ft2,-117.9056046,34.1338751
"$1,630,000",2065ft2,-118.242766,34.0536909
"$2,395,000",3552ft2,-118.3961877,34.1483989
"$3,593",1219ft2,-118.4998204,34.2148853
"$945,000",2789ft2,-118.0539323,33.8644291
"$1,179,999",1799ft2,-118.2350733,34.230429
"$2,200",800ft2,-118.4486675,34.1866193
"$699,999",1108ft2,-118.4486675,34.1866193
"$2,250,000",3447ft2,-118.242766,34.0536909
"$2,095",740ft2,-118.59143265306123,34.2282813877551
"$675,000",1296ft2,-118.242766,34.0536909
"$1,099,999",1663ft2,-118.242766,34.0536909
"$1,495",450ft2,-118.5174342,34.2661558
"$719,999",982ft2,-118.4486675,34.1866193
"$3,620",1029ft2,-118.329523,34.0980031
"$320,000",1500ft2,-118.1171108,34.5793131
"$499,999",1498ft2,-118.536567,34.1689295
"$489,999",1363ft2,-118.226624,33.894927
"$2,199",625ft2,-82.3247742,23.0888462
"$2,295",650ft2,-118.5369316,34.2345615
"$1,495",500ft2,-118.31234551020408,34.07278073469388
"$2,353",525ft2,-118.44685070595054,34.070877749999994
"$3,697",881ft2,-118.329523,34.0980031
"$1,962",987ft2,-76.3056686,40.03813
"$2,595",1000ft2,-118.1444779,34.1476452
"$2,500",1204ft2,-118.1973425,34.7331882
"$2,295",676ft2,-90.5592756,14.6307001
"$1,950",844ft2,-118.1435106973105,34.67049049633176
"$1,750",620ft2,-118.191604,33.7690164
$975,279ft2,-118.242766,34.0536909
"$2,040",535ft2,-118.0014517,34.1483499
"$1,350",500ft2,-118.1366153,34.6981064
"$1,400",400ft2,-118.242766,34.0536909
"$1,726",600ft2,-117.9593061,34.0182252
"$1,895",625ft2,-118.5369316,34.2345615
"$2,395",1000ft2,-118.11119671663431,34.01954476409373
"$2,195",750ft2,-118.3692894,34.0923014
"$1,650",700ft2,-118.191604,33.7690164
"$1,725",575ft2,-118.536528,34.2006552
"$1,500",500ft2,-6.198203,36.4643934
"$1,250",200ft2,-118.29475530799803,33.82944295
"$1,657",525ft2,-118.4998204,34.2148853
"$2,435",553ft2,-118.23434410881984,34.149130899860964
"$1,895",600ft2,-118.3747521,34.1649502
"$3,390",1443ft2,-118.25915818784813,34.05749805000001
"$2,595",1200ft2,-118.5016166,34.1591324
"$1,895",800ft2,-52.7062293,47.564465
"$2,400",1000ft2,-118.3747521,34.1649502
"$2,595",847ft2,103.7982888,1.3258528
"$2,651",1050ft2,-105.4630437935865,44.221618899999996
"$1,950",800ft2,-118.536567,34.1689295
"$2,725",1000ft2,-118.3406288,33.8358492
"$2,445",725ft2,-118.26100948570223,34.053123822867946
"$2,620",720ft2,-118.251252,34.0628846
"$2,420",900ft2,121.7141386,17.6210145
"$2,600",1100ft2,-118.0401497,34.1362075
"$2,099",650ft2,121.7141386,17.6210145
"$2,668",1179ft2,-118.5361872244898,34.241411224489795
"$2,244",883ft2,-118.1434477,34.670445
"$1,675",650ft2,-118.24063900870468,34.034294849999995
"$1,900",679ft2,-118.4489865,34.1508718
"$2,150",700ft2,151.2902459,-33.7552752
"$2,500",1105ft2,-3.5881102773279347,37.176059949999996
$975,225ft2,-118.491227,34.0194704
"$2,295",900ft2,-118.4486675,34.1866193
"$2,465",784ft2,-82.3247742,23.0888462
"$1,860",632ft2,-3.5881102773279347,37.176059949999996
"$2,699",644ft2,-118.491227,34.0194704
"$2,895",950ft2,-118.430254,34.0468546
"$1,725",460ft2,-117.8067257,34.1066756
"$1,695",850ft2,-118.536567,34.1689295
"$1,995",875ft2,-118.5016166,34.1591324
"$2,595",920ft2,-118.536528,34.2006552
"$1,897",472ft2,-118.4489865,34.1508718
"$5,105",1340ft2,-73.9865157,40.7476419
"$1,675",425ft2,-118.4486675,34.1866193
"$1,895",450ft2,-118.430254,34.0468546
"$3,995",700ft2,-118.4442462,34.0594537
"$2,833",700ft2,-118.44685070595054,34.070877749999994
"$1,550",900ft2,-105.4630437935865,44.221618899999996
"$2,400",800ft2,-118.3692894,34.0923014
$800,4000ft2,-118.5016166,34.1591324
$800,4000ft2,-118.5016166,34.1591324
$800,4600ft2,-118.5016166,34.1591324
"$4,950",1674ft2,-118.4127642079074,34.186982650000004
$800,4000ft2,-118.5016166,34.1591324
"$1,725",500ft2,-118.329523,34.0980031
"$3,171",932ft2,-118.242766,34.0536909
"$2,625",1113ft2,-105.4630437935865,44.221618899999996
"$3,479",1161ft2,-88.80798382506958,14.6151189
"$2,830",450ft2,-6.2805857,36.5107838
"$3,059",1083ft2,-118.26100948570223,34.053123822867946
"$1,665",733ft2,-118.143318,34.703864
"$4,329",1204ft2,-118.4181654,33.9760102
$700,150ft2,-87.7365286,42.1080703
"$1,200",300ft2,-118.4156337,33.917028
"$2,084",425ft2,-118.491227,34.0194704
"$3,475",622ft2,-118.4181654,33.9760102
"$2,419",470ft2,-118.242766,34.0536909
"$3,579",1170ft2,-118.396466,34.0211224
"$1,750",400ft2,-88.80798382506958,14.6151189
"$1,703",989ft2,-118.12463073469388,34.673705653061226
"$2,385",647ft2,-118.4998204,34.2148853
"$3,495",1000ft2,-118.42941,34.0452647
"$2,325",475ft2,-82.3247742,23.0888462
"$2,895",950ft2,-118.430254,34.0468546
"$2,084",450ft2,-118.491227,34.0194704
"$2,195",600ft2,-118.3692894,34.0923014
"$1,995",677ft2,-3.5881102773279347,37.176059949999996
"$1,995",750ft2,-118.5369316,34.2345615
"$2,595",800ft2,-118.3692894,34.0923014
"$2,698",985ft2,121.7141386,17.6210145
"$3,702",1340ft2,-118.2521002,34.047996
"$2,164",502ft2,-118.3961877,34.1483989
"$2,107",656ft2,-73.68100245,40.591266950000005
"$2,189",650ft2,-105.4630437935865,44.221618899999996
"$2,701",814ft2,-118.2517547,33.8322043
"$2,945",1020ft2,-118.4486675,34.1866193
"$1,350",120ft2,-118.2113889,34.1388889
"$2,491",733ft2,-118.329523,34.0980031
"$2,945",1020ft2,-118.4486675,34.1866193
"$1,650",800ft2,-118.242766,34.0536909
"$3,045",900ft2,-82.3247742,23.0888462
"$3,050",983ft2,-118.4998204,34.2148853
"$1,600",900ft2,-118.242766,34.0536909
"$1,495",500ft2,-118.4453745,34.2242902
"$1,450",320ft2,-118.644097,34.1446643
"$2,175",708ft2,-118.13984136842106,34.15060168421053
"$2,956",1275ft2,-117.8891164,34.0877926
"$1,850",700ft2,-118.4489865,34.1508718
"$1,925",844ft2,-81.49629054987412,28.44746585
"$2,550",850ft2,-118.491227,34.0194704
"$1,500",750ft2,-118.242766,34.0536909
"$1,675",460ft2,-118.536528,34.2006552
"$1,790",484ft2,-118.1386169387755,34.58132214285715
"$2,550",850ft2,-118.491227,34.0194704
"$3,800",2200ft2,-118.242766,34.0536909
"$2,612",414ft2,-118.38343364574519,34.08691295
"$2,400",1200ft2,-118.1171108,34.5793131
"$2,007",1080ft2,-118.1571396,34.6834923
$125,100ft2,-118.4156337,33.917028
"$2,765",1200ft2,-117.865339,34.1361187
"$3,939",751ft2,-118.448647,33.9776848
"$2,084",450ft2,-118.491227,34.0194704
"$2,075",600ft2,-118.4489865,34.1508718
"$2,331",382ft2,-118.49040103913525,34.018776354676696
"$1,950",844ft2,-118.1435106973105,34.67049049633176
"$3,163",745ft2,-82.3247742,23.0888462
"$2,290",425ft2,-118.2623924,34.1186975
"$2,099",625ft2,-118.111975,34.0159398
"$3,005",981ft2,-118.26432998951834,34.05047940778745
"$2,650",925ft2,-118.1292846,33.9404441
"$2,295",630ft2,-118.1444779,34.1476452
"$2,795",700ft2,-121.696026,37.9317766
"$2,953",953ft2,-118.6058382,34.1684364
"$3,095",455ft2,-118.491227,34.0194704
"$3,199",1260ft2,-118.262509,33.7800164
"$2,390",625ft2,-118.40106334693878,34.02333328571429
"$1,250",600ft2,-118.030839,33.9708782
"$2,586",1020ft2,-118.307201,34.1812089
"$1,950",725ft2,-118.5174342,34.2661558
"$1,525",500ft2,-118.191604,33.7690164
"$2,335",352ft2,-118.2623924,34.1186975
"$3,350",940ft2,-118.4158341,34.0133412
"$4,352",1100ft2,-118.38343364574519,34.08691295
"$2,295",675ft2,-83.45148513969494,35.4254695
"$1,800",1700ft2,-118.491227,34.0194704
"$2,994",1131ft2,-118.242766,34.0536909
"$2,195",900ft2,-118.5016166,34.1591324
"$2,495",900ft2,-118.4489865,34.1508718
"$2,999",890ft2,-73.68100245,40.591266950000005
"$2,705",674ft2,-118.2478471,34.1469416
"$2,160",735ft2,-118.22407287755102,34.08275155102041
"$2,950",836ft2,-122.1349013,37.4240818
"$2,595",900ft2,-118.5369316,34.2345615
"$2,050",955ft2,-118.3012604,33.7911012
"$1,834",752ft2,-118.1571396,34.6834923
"$2,350",600ft2,-118.3747521,34.1649502
"$2,159",830ft2,-118.177701,34.113137
"$2,705",960ft2,-118.5369316,34.2345615
"$4,000",1000ft2,-118.491227,34.0194704
"$4,000",1000ft2,-118.491227,34.0194704
"$2,655",700ft2,-118.3161262,34.1148012
"$3,325",987ft2,-118.430254,34.0468546
"$4,678",1308ft2,-118.329523,34.0980031
"$2,488",710ft2,-118.396466,34.0211224
"$2,171",675ft2,-118.307201,34.1812089
"$3,295",929ft2,-118.46721389999999,34.16897815
"$2,040",535ft2,-118.0014517,34.1483499
"$1,973",450ft2,-118.307201,34.1812089
"$1,550",476ft2,-118.53737522638481,34.2408520911085
"$2,533",603ft2,-118.4998204,34.2148853
"$2,295",650ft2,-118.38879907069955,34.01483175
"$3,090",710ft2,-118.396466,34.0211224
"$3,160",788ft2,-118.3961877,34.1483989
"$2,695",740ft2,-73.9865157,40.7476419
"$2,075",432ft2,-118.449074,34.0688663
"$4,207",1182ft2,-118.453755,33.968839
"$3,199",930ft2,-118.252126,34.062214
"$2,210",650ft2,-118.5369316,34.2345615
"$3,295",929ft2,-118.46721389999999,34.16897815
"$1,950",468ft2,-82.3247742,23.0888462
"$2,595",864ft2,-73.68100245,40.591266950000005
"$4,695",1100ft2,-118.49682924999999,34.014973375000004
"$2,805",1012ft2,-118.40842156704147,34.1522673
"$2,275",700ft2,-118.1444779,34.1476452
"$1,799",1800ft2,-118.24063900870468,34.034294849999995
"$2,900",1007ft2,-118.4998204,34.2148853
"$2,290",793ft2,-105.4630437935865,44.221618899999996
"$3,977",1463ft2,-118.3961877,34.1483989
"$3,260",1176ft2,-118.612108,34.1805799
"$2,248",883ft2,-118.1434477,34.670445
"$3,045",1030ft2,-118.4181654,33.9760102
"$1,325",170ft2,-118.329523,34.0980031
"$2,581",917ft2,-118.60660503062986,34.247065622139914
"$2,371",298ft2,-118.242766,34.0536909
"$2,850",810ft2,-118.40106334693878,34.02333328571429
"$1,950",625ft2,-118.329523,34.0980031
"$2,435",600ft2,-112.0743163,33.5555972
"$1,950",1200ft2,-118.39591,33.86428
"$2,240",721ft2,-118.5361872244898,34.241411224489795
"$3,200",1350ft2,-118.5113491,34.235874
"$2,484",603ft2,-118.4998204,34.2148853
"$2,550",580ft2,-118.431131,34.153143
"$2,395",990ft2,-3.5881102773279347,37.176059949999996
"$1,655",360ft2,-118.49014837369748,34.20713175
"$3,200",1350ft2,-118.5113491,34.235874
"$1,400",200ft2,-118.2567824,34.0779819
"$4,907",1550ft2,-118.242766,34.0536909
"$2,178",600ft2,-118.6056489032258,34.17269241935484
"$2,350",600ft2,-118.242766,34.0536909
"$2,525",1056ft2,-118.242766,34.0536909
"$2,155",650ft2,-118.4489865,34.1508718
"$2,268",585ft2,-118.430254,34.0468546
"$2,295",741ft2,-118.40842156704147,34.1522673
"$1,795",395ft2,121.7141386,17.6210145
"$3,100",1230ft2,-118.2589728421031,34.04914775
"$1,905",618ft2,-118.3961877,34.1483989
"$2,350",652ft2,-118.2478471,34.1469416
"$2,099",872ft2,-118.076099,34.577972
"$2,067",710ft2,-118.5978087,34.2011078
$900,1400ft2,-118.391463,33.8454031
"$2,879",1226ft2,-118.2589728421031,34.04914775
"$2,032",725ft2,-118.3256683,34.0206504
"$1,697",575ft2,-118.4998204,34.2148853
"$2,187",600ft2,-118.3965758,34.1637147
"$2,187",600ft2,-118.3965758,34.1637147
"$2,015",550ft2,-117.8067257,34.1066756
"$1,850",650ft2,-118.4180723,34.0124997
"$1,840",604ft2,-118.49014837369748,34.20713175
"$2,511",940ft2,-118.5978087,34.2011078
"$3,764",1149ft2,-88.80798382506958,14.6151189
"$2,440",850ft2,-118.45099284249528,34.2507302
"$3,562",1087ft2,-118.396466,34.0211224
"$3,405",965ft2,-118.453755,33.968839
"$2,067",710ft2,-118.5978087,34.2011078
"$1,625",344ft2,-118.0401497,34.1362075
"$2,729",1080ft2,121.7141386,17.6210145
"$3,860",776ft2,-118.1929586,33.7680387
"$3,900",1300ft2,-118.2120343,33.9827043
"$2,199",590ft2,-118.251252,34.0628846
"$2,390",504ft2,-118.3747521,34.1649502
"$3,160",850ft2,-118.396466,34.0211224
"$1,935",472ft2,-118.4489865,34.1508718
"$3,340",929ft2,-118.46721389999999,34.16897815
"$3,360",909ft2,-82.3247742,23.0888462
"$1,500",400ft2,-118.4156337,33.917028
"$1,825",1834ft2,-118.3524833,34.0294356
"$2,295",1700ft2,-78.6380829,42.8958923
"$2,000",750ft2,-118.4156337,33.917028
"$2,075",613ft2,-77.031047,38.916811
"$2,470",774ft2,-73.68100245,40.591266950000005
"$2,165",650ft2,-118.242766,34.0536909
"$2,285",837ft2,-118.242766,34.0536909
"$1,975",600ft2,-118.145012,34.15681955555556
"$2,015",550ft2,-117.8067257,34.1066756
"$6,000",1800ft2,-118.491227,34.0194704
"$3,000",950ft2,-118.491227,34.0194704
"$3,500",1480ft2,-118.2589728421031,34.04914775
"$3,105",765ft2,-118.3961877,34.1483989
"$2,300",750ft2,-118.25148718346148,34.23259955
"$2,800",1000ft2,-118.242766,34.0536909
"$2,495",1075ft2,-118.4486675,34.1866193
"$2,322",700ft2,-118.2589728421031,34.04914775
"$3,295",740ft2,-118.4181654,33.9760102
"$2,504",860ft2,-105.4630437935865,44.221618899999996
"$3,740",874ft2,-73.9865157,40.7476419
"$2,105",751ft2,-117.905339,33.9761238
"$2,455",850ft2,-96.5159408,42.9156667
"$2,550",468ft2,-73.9865157,40.7476419
"$1,850",384ft2,-117.7517496,34.0553813
"$2,595",887ft2,-118.2478471,34.1469416
"$2,295",700ft2,-118.242766,34.0536909
$20,300ft2,-0.2732607,51.5081402
"$2,275",699ft2,-118.26432998951834,34.05047940778745
"$2,382",630ft2,-118.491227,34.0194704
"$2,163",610ft2,-73.68100245,40.591266950000005
"$2,415",750ft2,-118.2589728421031,34.04914775
"$2,175",695ft2,-88.80798382506958,14.6151189
"$2,400",950ft2,-118.403229,34.164953
"$2,761",968ft2,-118.588921,34.184485
"$2,400",950ft2,-118.403229,34.164953
"$2,400",950ft2,-118.403229,34.164953
"$3,295",1220ft2,-118.3747521,34.1649502
"$3,295",1220ft2,-118.3747521,34.1649502
"$3,295",1220ft2,-118.38094381632654,34.172917999999996
"$3,295",1220ft2,-118.3747521,34.1649502
"$3,295",1220ft2,-118.3747521,34.1649502
"$2,600",750ft2,-87.7631179,41.9697375
"$2,300",1000ft2,-118.24063900870468,34.034294849999995
$20,300ft2,-0.2732607,51.5081402
"$3,479",1161ft2,-88.80798382506958,14.6151189
"$4,895",1184ft2,-118.4181654,33.9760102
"$1,650",950ft2,-118.242766,34.0536909
$300,10000ft2,-0.2732607,51.5081402
"$139,000",780ft2,-118.3406288,33.8358492
"$2,595",936ft2,-118.1085554,34.0990995
"$2,360",625ft2,-118.40106334693878,34.02333328571429
"$2,490",700ft2,-118.3161262,34.1148012
"$2,833",700ft2,-118.44685070595054,34.070877749999994
"$2,630",750ft2,-117.8067257,34.1066756
"$2,499",901ft2,-118.05540636076186,33.90591818324376
"$2,419",470ft2,-118.242766,34.0536909
"$1,925",844ft2,-118.1435106973105,34.67049049633176
"$2,595",900ft2,-118.305447,34.0617936
"$3,090",710ft2,-118.396466,34.0211224
"$2,400",1024ft2,-118.1973425,34.7331882
"$3,558",793ft2,-118.242766,34.0536909
"$3,977",1463ft2,-118.3961877,34.1483989
"$2,880",1042ft2,-82.3247742,23.0888462
"$2,515",750ft2,-118.4388067,33.9541453
"$2,111",720ft2,121.7141386,17.6210145
"$2,100",650ft2,121.7141386,17.6210145
"$1,625",344ft2,-118.0401497,34.1362075
"$1,800",750ft2,-118.2966254,34.0904277
"$3,100",1062ft2,-73.9865157,40.7476419
"$2,209",600ft2,-118.3965758,34.1637147
"$3,353",700ft2,-118.2623924,34.1186975
$600,320ft2,-118.3747521,34.1649502
"$2,650",1018ft2,-105.4630437935865,44.221618899999996
"$1,845",700ft2,-118.4486675,34.1866193
"$4,300",2030ft2,-118.536567,34.1689295
"$2,657",414ft2,-118.38343364574519,34.08691295
"$1,400",404ft2,-118.1171108,34.5793131
"$2,295",650ft2,-118.5369316,34.2345615
"$1,525",450ft2,-118.3096145510204,34.07837585714286
"$2,331",382ft2,-118.49040103913525,34.018776354676696
"$5,090",1110ft2,-117.1291968,32.7244659
